{
  "scannerApiUrl": "http://localhost:8000/check",
  "authHeader": "d20e50f1f215dd82b49bae7112e4730f",
  "multipartField": "image",
  "flagThreshold": 0.5,
  "deleteThreshold": 0.9,

  "guilds": {
    "1392202403935293642": {
      "moderatorRoleIds": [
        "1392210298609340517",
        "1392210654525526199",
        "1392210746305155093",
        "1392210795693342851"
      ],
      "moderatorChannelIds": [
        "1393714374174048356"
      ],
      "rulesChannelId": "1392202404732076144"
    },
    "1371603705190809670": {
      "moderatorRoleIds": [],
      "moderatorChannelIds": [
        "1417544175800549568"
      ],
      "rulesChannelId": null
    }
  },

  "tagFilters": {
    "0": [
      "cp",
      "loli",
      "rape",
      "shota",
      "sex",
      "pussy",
      "covered_nipples",
      "nude",
      "areola_slip"
    ],
    "1": [
      "sex",
      "pussy",
      "nipples",
      "nude",
      "ass_visible_through_thighs",
      "blood"
    ],
    "2": [
      "underwear",
      "cameltoe"
    ],
    "3": [
      "smile",
      "flower",
      "scenery",
      "rating:safe"
    ]
  },

  "gifStep": 5,
  "videoStep": 20,

  "discordToken": "MTM3ODA0NDYyNjkzMzM4NzMyNA.GjKygQ.O3AU4wloVdlhXHg9m8n9yHk7CfxvBOYzBG3ycE"
} 